Video Link,Channel Name,Thumbnail URL
https://www.youtube.com/watch?v=fvBSSozDlVA&pp=ygUX7JiI67uk7Ja0IOuCqOyekCDsu6TrsoQ%3D,,https://yt3.ggpht.com/UrIjlaFZflEaLMffak1mM7qmB0KR8ukScvEezVemi8baomaRiYPMars95xI3uLmY8QBr2o7fEw=s88-c-k-c0x00ffffff-no-rj
https://www.youtube.com/watch?v=U8uwU1ceCEg&pp=ygUX7JiI67uk7Ja0IOuCqOyekCDsu6TrsoQ%3D,탑현월드 Tophyun World,https://yt3.ggpht.com/tIOH1-3birGR3CSS-_oZJeX0e4_ajqmfsk1pmANHyB2UQ3Ihuqgcj7gGasZqNNXo9uUSA6FO=s88-c-k-c0x00ffffff-no-rj
https://www.youtube.com/watch?v=YB41uAbYXGc&pp=ygUX7JiI67uk7Ja0IOuCqOyekCDsu6TrsoQ%3D,,https://yt3.ggpht.com/3mcqbmM9ozn4ewij2XJH6mrXzeB96-ae6G4oSvN3iBiNdF-SIvXi-SCaj0gkmzLFRgFXXhKRbA=s88-c-k-c0x00ffffff-no-rj
https://www.youtube.com/watch?v=BZBOpOqndsE&pp=ygUX7JiI67uk7Ja0IOuCqOyekCDsu6TrsoQ%3D,홍기종기 (이홍기),https://yt3.ggpht.com/m1VE6l9fTOQGwENqQDx-SDlpaN_RY0FUuJ09_DeEJ_Ut9uhNocvhGH0K-v_LGbKWncqB96maEA=s88-c-k-c0x00ffffff-no-rj
https://www.youtube.com/watch?v=K5cPNAXphN0&pp=ygUX7JiI67uk7Ja0IOuCqOyekCDsu6TrsoQ%3D,,
https://www.youtube.com/watch?v=khEJ2_SIMKY&pp=ygUX7JiI67uk7Ja0IOuCqOyekCDsu6TrsoQ%3D,SF9,
https://www.youtube.com/watch?v=8AGOBO4OFt8&pp=ygUX7JiI67uk7Ja0IOuCqOyekCDsu6TrsoQ%3D,,
https://www.youtube.com/watch?v=4OMNl86gQJY&pp=ygUX7JiI67uk7Ja0IOuCqOyekCDsu6TrsoQ%3D,하현상 HA HYUN SANG,
https://www.youtube.com/watch?v=NxIeHSzUv2A&pp=ygUX7JiI67uk7Ja0IOuCqOyekCDsu6TrsoQ%3D,,
,경휘수,
,,
,Beginagain 비긴어게인,
https://www.youtube.com/watch?v=ABBj9gg1tEc&pp=ygUX7JiI67uk7Ja0IOuCqOyekCDsu6TrsoQ%3D,,
https://www.youtube.com/watch?v=Ejc__vhP2U8&pp=ygUX7JiI67uk7Ja0IOuCqOyekCDsu6TrsoQ%3D,김창연 KIM CHANG YEON,
https://www.youtube.com/watch?v=8S_L1DGIgN0&pp=ygUX7JiI67uk7Ja0IOuCqOyekCDsu6TrsoQ%3D,,
https://www.youtube.com/watch?v=putZoVwIX5Q&pp=ygUX7JiI67uk7Ja0IOuCqOyekCDsu6TrsoQ%3D,Yuniverse 한승윤,
https://www.youtube.com/watch?v=OvIk6BDkVE4&pp=ygUX7JiI67uk7Ja0IOuCqOyekCDsu6TrsoQ%3D,,
https://www.youtube.com/watch?v=_yNcLuamb4w&pp=ygUX7JiI67uk7Ja0IOuCqOyekCDsu6TrsoQ%3D,Kim Min Seok - Topic,
https://www.youtube.com/watch?v=BS7tz2rAOSA&pp=ygUX7JiI67uk7Ja0IOuCqOyekCDsu6TrsoQ%3D,,
https://www.youtube.com/watch?v=lEKaVZwsDuY&pp=ygUX7JiI67uk7Ja0IOuCqOyekCDsu6TrsoQ%3D,Spot-AI-fy,
https://www.youtube.com/watch?v=uIBXeuwQDJ4&pp=ygUX7JiI67uk7Ja0IOuCqOyekCDsu6TrsoQ%3D,,
https://www.youtube.com/watch?v=8DrQDURiYeQ&pp=ygUX7JiI67uk7Ja0IOuCqOyekCDsu6TrsoQ%3D,웅키,
https://www.youtube.com/watch?v=6wRU_TLEsMk&pp=ygUX7JiI67uk7Ja0IOuCqOyekCDsu6TrsoQ%3D,,
https://www.youtube.com/watch?v=y75-V-8_alU&pp=ygUX7JiI67uk7Ja0IOuCqOyekCDsu6TrsoQ%3D,섭이네,
https://www.youtube.com/watch?v=D40KY-3Qorc&pp=ygUX7JiI67uk7Ja0IOuCqOyekCDsu6TrsoQ%3D,,
https://www.youtube.com/watch?v=G-h8EIuxTgg&pp=ygUX7JiI67uk7Ja0IOuCqOyekCDsu6TrsoQ%3D,레코드대장 RecDJ,
